DVG_type,BP,RI,sense,ID_DI,cID_DI,start,end,id,TP_exact,seq_around_junction,seq_around_junction_reverseCompl,inWholeSeq,inWholeSeq_asRevCompl,in_idSeq,TP_seq
3cb/sb,6940,9114,-+,6940_9114,-+_6940_9114,6940,9114,6940_9114,1,CAAGTATTTTTCCGTCTTTCGTGCTCACCAgccgattacgaactgacggaggacaaaatg,CATTTTGTCCTCCGTCAGTTCGTAATCGGCTGGTGAGCACGAAAGACGGAAAAATACTTG,,-+_9114_6940,-+_9114_6940,1
3cb/sb,9114,6940,-+,9114_6940,-+_9114_6940,6940,9114,6940_9114,1,CATTTTGTCCTCCGTCAGTTCGTAATCGGCtggtgagcacgaaagacggaaaaatacttg,CAAGTATTTTTCCGTCTTTCGTGCTCACCAGCCGATTACGAACTGACGGAGGACAAAATG,-+_9114_6940,,-+_9114_6940,1
3cb/sb,8306,7679,-+,8306_7679,-+_8306_7679,7679,8306,7679_8306,1,CCCAATTCACGAAAGTTGTCTGCCATAGTGactcttcttaggaaagatgggagtgtggaa,TTCCACACTCCCATCTTTCCTAAGAAGAGTCACTATGGCAGACAACTTTCGTGAATTGGG,-+_8306_7679,,-+_8306_7679,1
3cb/sb,4964,8435,-+,4964_8435,-+_4964_8435,4964,8435,4964_8435,0,AGCCCATAAGTGAAGCACTTCAAAGCTGCTcgagccagagcgaatagtatcgattttaga,TCTAAAATCGATACTATTCGCTCTGGCTCGAGCAGCTTTGAAGTGCTTCACTTATGGGCT,-+_4967_8432,,-+_4967_8432,1
3cb/sb,3200,9054,-+,3200_9054,-+_3200_9054,3200,9054,3200_9054,1,ACGCTGTATCTGCCGCCTAAATCGGCTTCGgatctatccaacacacggtcaacgcgaaag,CTTTCGCGTTGACCGTGTGTTGGATAGATCCGAAGCCGATTTAGGCGGCAGATACAGCGT,,-+_9054_3200,-+_9054_3200,1
3cb/sb,4255,7271,-+,4255_7271,-+_4255_7271,4255,7271,4255_7271,1,AGTAATTGAGTGCAAAACCACTGGTCATTAtagccagcttgtgacaaagcacacagttaa,TTAACTGTGTGCTTTGTCACAAGCTGGCTATAATGACCAGTGGTTTTGCACTCAATTACT,-+_4255_7271,,-+_4255_7271,1
3cb/sb,7271,4255,-+,7271_4255,-+_7271_4255,4255,7271,4255_7271,1,TTAACTGTGTGCTTTGTCACAAGCTGGCTAtaatgaccagtggttttgcactcaattact,AGTAATTGAGTGCAAAACCACTGGTCATTATAGCCAGCTTGTGACAAAGCACACAGTTAA,,-+_4255_7271,-+_4255_7271,1
3cb/sb,3324,6240,-+,3324_6240,-+_3324_6240,3324,6240,3324_6240,1,CCTACACACGCTATTCGACACCTTGCTACCccaaatgaaatacgtgtgaataagacaatt,AATTGTCTTATTCACACGTATTTCATTTGGGGTAGCAAGGTGTCGAATAGCGTGTGTAGG,-+_3324_6240,,-+_3324_6240,1
3cb/sb,6240,3324,-+,6240_3324,-+_6240_3324,3324,6240,3324_6240,1,AATTGTCTTATTCACACGTATTTCATTTGGggtagcaaggtgtcgaatagcgtgtgtagg,CCTACACACGCTATTCGACACCTTGCTACCCCAAATGAAATACGTGTGAATAAGACAATT,,-+_3324_6240,-+_3324_6240,1
3cb/sb,3409,4133,-+,3409_4133,-+_3409_4133,3409,4133,3409_4133,1,CCTCGGCGGTCATCTTGATTAGTAAGCTGAccttgagccaactcggccacttgcagaaaa,TTTTCTGCAAGTGGCCGAGTTGGCTCAAGGTCAGCTTACTAATCAAGATGACCGCCGAGG,-+_3409_4133,,-+_3409_4133,1
3cb/sb,2354,4290,-+,2354_4290,-+_2354_4290,2354,4290,2354_4290,1,TAACAAGCGGTTGCTACATCTAACAGAGTGaacaatagaatgcgcattgaagaatttgac,GTCAAATTCTTCAATGCGCATTCTATTGTTCACTCTGTTAGATGTAGCAACCGCTTGTTA,-+_2354_4290,,-+_2354_4290,1
5cb/sb,1460,2998,+-,1460_2998,+-_1460_2998,1460,2998,1460_2998,1,TCCATGAAGCACAGGTTAACGCAGCTACGCaaaagcatgcccatgaatctgttacacgcg,CGCGTGTAACAGATTCATGGGCATGCTTTTGCGTAGCTGCGTTAACCTGTGCTTCATGGA,+-_1460_2998,,+-_1460_2998,1
5cb/sb,3000,1458,+-,3000_1458,+-_3000_1458,1458,3000,1458_3000,0,CGTGTAACAGATTCATGGGCATGCTTTTGCgtagctgcgttaacctgtgcttcatggatg,CATCCATGAAGCACAGGTTAACGCAGCTACGCAAAAGCATGCCCATGAATCTGTTACACG,,+-_1460_2998,+-_1460_2998,1
5cb/sb,970,3497,+-,970_3497,+-_970_3497,970,3497,970_3497,1,ACTCGGGAAGAGAGCGCAGCGCGACTTATCgcgctctgtctcctcaatatccagtttgag,CTCAAACTGGATATTGAGGAGACAGAGCGCGATAAGTCGCGCTGCGCTCTCTTCCCGAGT,,+-_3497_970,+-_3497_970,1
5cb/sb,3497,970,+-,3497_970,+-_3497_970,970,3497,970_3497,1,CTCAAACTGGATATTGAGGAGACAGAGCGCgataagtcgcgctgcgctctcttcccgagt,ACTCGGGAAGAGAGCGCAGCGCGACTTATCGCGCTCTGTCTCCTCAATATCCAGTTTGAG,+-_3497_970,,+-_3497_970,1
5cb/sb,163,4932,+-,163_4932,+-_163_4932,163,4932,163_4932,1,AGTAGTTACATTCGCATCGGCTATCACCAAaccctttctctgtgtgacctattcgcaggg,CCCTGCGAATAGGTCACACAGAGAAAGGGTTTGGTGATAGCCGATGCGAATGTAACTACT,+-_163_4932,,+-_163_4932,1
5cb/sb,2677,3537,+-,2677_3537,+-_2677_3537,2677,3537,2677_3537,1,CAAGAGGCTCATAAAAGGAGTCTATAGACCgaatggcatggtggaatgcaagttcccatt,AATGGGAACTTGCATTCCACCATGCCATTCGGTCTATAGACTCCTTTTATGAGCCTCTTG,+-_2677_3537,,+-_2677_3537,1
5cb/sb,3537,2677,+-,3537_2677,+-_3537_2677,2677,3537,2677_3537,1,AATGGGAACTTGCATTCCACCATGCCATTCggtctatagactccttttatgagcctcttg,CAAGAGGCTCATAAAAGGAGTCTATAGACCGAATGGCATGGTGGAATGCAAGTTCCCATT,,+-_2677_3537,+-_2677_3537,1
5cb/sb,762,8125,+-,762_8125,+-_762_8125,762,8125,762_8125,1,CGCTTCACAAGACACCGTCAATGAAGAAGAcctttgaacttcttgacgagtgtaccatct,AGATGGTACACTCGTCAAGAAGTTCAAAGGTCTTCTTCATTGACGGTGTCTTGTGAAGCG,+-_762_8125,,+-_762_8125,1
5cb/sb,8980,1038,+-,8980_1038,+-_8980_1038,1038,8980,1038_8980,0,ACCCAGACTTAAGAGCCTAACAAGCAAAATttatggttgttttgttacccgagtacctgc,GCAGGTACTCGGGTAACAAAACAACCATAAATTTTGCTTGTTAGGCTCTTAAGTCTGGGT,,+-_1039_8979,+-_1039_8979,1
5cb/sb,7710,5359,+-,7710_5359,+-_7710_5359,5359,7710,5359_7710,1,TCTTCTTAGGAAAGATGGGAGTGTGGAACGtcacctttgaatttgacaatcacatcccac,GTGGGATGTGATTGTCAAATTCAAAGGTGACGTTCCACACTCCCATCTTTCCTAAGAAGA,,+-_5359_7710,+-_5359_7710,1
5cb/sb,6288,7967,+-,6288_7967,+-_6288_7967,6288,7967,6288_7967,0,ATAAGACAATTCAGGCCTACTACATGAACAgctgtcaaactgtgagccatcagcatcaca,TGTGATGCTGATGGCTCACAGTTTGACAGCTGTTCATGTAGTAGGCCTGAATTGTCTTAT,,+-_7968_6287,+-_7968_6287,1
5cb/sb,7968,6287,+-,7968_6287,+-_7968_6287,6287,7968,6287_7968,1,GTGATGCTGATGGCTCACAGTTTGACAGCTgttcatgtagtaggcctgaattgtcttatt,AATAAGACAATTCAGGCCTACTACATGAACAGCTGTCAAACTGTGAGCCATCAGCATCAC,+-_7968_6287,,+-_7968_6287,1
5cb/sb,9177,9776,+-,9177_9776,+-_9177_9776,9177,9776,9177_9776,1,TTATTCTCAATGGTTTAATGGTCTGGTGCActaacaccaataaaatgttcggcgaaaata,TATTTTCGCCGAACATTTTATTGGTGTTAGTGCACCAGACCATTAAACCATTGAGAATAA,,+-_9776_9177,+-_9776_9177,1
Deletion_forward,1909,8273,++,1909_8273,++_1909_8273,1909,8273,1909_8273,1,CTACTTTGAGATAATCGATCCAAAGAAAGGaagcgtacacccagagtatgagtatatcct,AGGATATACTCATACTCTGGGTGTACGCTTCCTTTCTTTGGATCGATTATCTCAAAGTAG,,--_8273_1909,--_8273_1909,1
Deletion_forward,50,6093,++,50_6093,++_50_6093,50,6093,50_6093,0,AACATACACAAAACGATAAAAGCAAACGCAtttgatcctgaagatttctctgcagttcgt,ACGAACTGCAGAGAAATCTTCAGGATCAAATGCGTTTGCTTTTATCGTTTTGTGTATGTT,,--_6092_49,--_6092_49,1
Deletion_forward,745,6507,++,745_6507,++_745_6507,745,6507,745_6507,1,GGTTCACACAAAGTGGCCGCTTCACAAGACtacaacccaatatcaaacaacatttgtcat,ATGACAAATGTTGTTTGATATTGGGTTGTAGTCTTGTGAAGCGGCCACTTTGTGTGAACC,++_745_6507,,++_745_6507,1
Deletion_forward,706,6227,++,706_6227,++_706_6227,706,6227,706_6227,0,TGGAGGAGGACTCTCTGCGAGCGCGATCGAggatgagttggatccaaatgaaatacgtgt,ACACGTATTTCATTTGGATCCAACTCATCCTCGATCGCGCTCGCAGAGAGTCCTCCTCCA,,--_6225_704,--_6225_704,1
Deletion_forward,3002,8256,++,3002_8256,++_3002_8256,3002,8256,3002_8256,0,TGTAACAGATTCATGGGCATGCTTTTGCACggagatgatttactgctaagcgtacaccca,TGGGTGTACGCTTAGCAGTAAATCATCTCCGTGCAAAAGCATGCCCATGAATCTGTTACA,,--_8254_3000,--_8254_3000,1
Deletion_forward,1784,6060,++,1784_6060,++_1784_6060,1784,6060,1784_6060,1,TTTCGCAACAAGATCTCCCAGAAAGCGCACcacaaaaacaggaagttcatcaatatgtat,ATACATATTGATGAACTTCCTGTTTTTGTGGTGCGCTTTCTGGGAGATCTTGTTGCGAAA,++_1784_6060,,++_1784_6060,1
Deletion_forward,2964,6926,++,2964_6926,++_2964_6926,2964,6926,2964_6926,0,CTAATGTTAATGGACCAGATGACGCAGCCAatgcggaagtccaatggtgagcacgaaaga,TCTTTCGTGCTCACCATTGGACTTCCGCATTGGCTGCGTCATCTGGTCCATTAACATTAG,++_2963_6925,,++_2963_6925,1
Deletion_forward,5893,9642,++,5893_9642,++_5893_9642,5893,9642,5893_9642,1,CCTGCGGTCAAAGATCTCTGAACCCGTAACtataagtatttaagtttactcgttagtatt,AATACTAACGAGTAAACTTAAATACTTATAGTTACGGGTTCAGAGATCTTTGACCGCAGG,,--_9642_5893,--_9642_5893,1
Deletion_forward,3859,7242,++,3859_7242,++_3859_7242,3859,7242,3859_7242,1,TGACTTGAGCGAGAGGAATCTCTTCGTCGAgggaacctgaaagcggtagcacactgccct,AGGGCAGTGTGCTACCGCTTTCAGGTTCCCTCGACGAAGAGATTCCTCTCGCTCAAGTCA,,--_7242_3859,--_7242_3859,1
Deletion_forward,5016,8357,++,5016_8357,++_5016_8357,5016,8357,5016_8357,1,ATGGGCTTCCAGTGATCACCAACAACGTCTaaggaccagggaaaaaggagacctttggtt,AACCAAAGGTCTCCTTTTTCCCTGGTCCTTAGACGTTGTTGGTGATCACTGGAAGCCCAT,++_5016_8357,,++_5016_8357,1
Deletion_forward,4022,7019,++,4022_7019,++_4022_7019,4022,7019,4022_7019,1,TTTACCAGAGCAACTGCCACGGAAGTCGCGtttcccagacgattttgccgagaagtatct,AGATACTTCTCGGCAAAATCGTCTGGGAAACGCGACTTCCGTGGCAGTTGCTCTGGTAAA,++_4022_7019,,++_4022_7019,1
Deletion_forward,3516,5147,++,3516_5147,++_3516_5147,3516,5147,3516_5147,1,AGACAGAGCGCAGGAAAATAGAATGGGAACaaagagattcaaactcagagactctgagat,ATCTCAGAGTCTCTGAGTTTGAATCTCTTTGTTCCCATTCTATTTTCCTGCGCTCTGTCT,,--_5147_3516,--_5147_3516,1
Deletion_forward,2366,3648,++,2366_3648,++_2366_3648,2366,3648,2366_3648,0,GAACTTGGCAAGTGGCCCACTCTGTTAGATcatcaagcaaagagacaatccgagcaagaa,TTCTTGCTCGGATTGTCTCTTTGCTTGATGATCTAACAGAGTGGGCCACTTGCCAAGTTC,++_2365_3647,,++_2365_3647,1
Deletion_forward,1051,2302,++,1051_2302,++_1051_2302,1051,2302,1051_2302,1,TAACAAAACAACCATAAATCCAGGAGTGGTagttcacgaaagttgttagggataaactag,CTAGTTTATCCCTAACAACTTTCGTGAACTACCACTCCTGGATTTATGGTTGTTTTGTTA,,--_2302_1051,--_2302_1051,1
Deletion_forward,8650,9349,++,8650_9349,++_8650_9349,8650,9349,8650_9349,0,AGCTCCTTACATAGCGGAAACAGCGCTGAGaccgaccatacatgccacgatatggtcttc,GAAGACCATATCGTGGCATGTATGGTCGGTCTCAGCGCTGTTTCCGCTATGTAAGGAGCT,++_8649_9348,,++_8649_9348,1
Deletion_forward,4560,4654,++,4560_4654,++_4560_4654,4560,4654,4560_4654,1,GCAACTGTGATGTGATTTCAAAAGGAGACAgaacgatgaaagttggaaacatcgagatca,TGATCTCGATGTTTCCAACTTTCATCGTTCTGTCTCCTTTTGAAATCACATCACAGTTGC,,--_4654_4560,--_4654_4560,1
Deletion_forward,6000,6040,++,6000_6040,++_6000_6040,6000,6040,6000_6040,1,TATACGGAGATGATGACACCATAGAGCACTgcaggacacgtggtatcgggcacaaaaaca,TGTTTTTGTGCCCGATACCACGTGTCCTGCAGTGCTCTATGGTGTCATCATCTCCGTATA,++_6000_6040,,++_6000_6040,1
Insertion_forward,3792,3598,++,3792_3598,++_3792_3598,3598,3792,3598_3792,1,AGCTTAAGGGACTAGTCGCCACTGTCGAACaggcaccacatctaagtgagcatatcgagc,GCTCGATATGCTCACTTAGATGTGGTGCCTGTTCGACAGTGGCGACTAGTCCCTTAAGCT,++_3792_3598,,++_3792_3598,1
Insertion_forward,490,176,++,490_176,++_490_176,176,490,176_490,1,CAAGGAGAGAGCACTCTTTTTGGACTGGGAcaagccagcatccaccggaatggtacagtt,AACTGTACCATTCCGGTGGATGCTGGCTTGTCCCAGTCCAAAAAGAGTGCTCTCTCCTTG,,--_176_490,--_176_490,1
Insertion_forward,4062,2928,++,4062_2928,++_4062_2928,2928,4062,2928_4062,0,CACACGAAAGTGACAGAGACATATTGCTAAgctaaggctaatgttaatggaccagatgac,GTCATCTGGTCCATTAACATTAGCCTTAGCTTAGCAATATGTCTCTGTCACTTTCGTGTG,++_4061_2927,,++_4061_2927,1
Insertion_forward,4846,3613,++,4846_3613,++_4846_3613,3613,4846,3613_4846,0,AATGCTTAGCACAACAAAGGCAAGCATCAAgtgagcatatcgagcctgaagaaaaggcag,CTGCCTTTTCTTCAGGCTCGATATGCTCACTTGATGCTTGCCTTTGTTGTGCTAAGCATT,++_4845_3612,,++_4845_3612,1
Insertion_forward,7574,5084,++,7574_5084,++_7574_5084,5084,7574,5084_7574,1,GATGAGAATGACATATTCGAAGCTCTTAACgttctacacaagccaagtggtgagatatga,TCATATCTCACCACTTGGCTTGTGTAGAACGTTAAGAGCTTCGAATATGTCATTCTCATC,++_7574_5084,,++_7574_5084,1
Insertion_forward,8076,3193,++,8076_3193,++_8076_3193,3193,8076,3193_8076,1,TGCTGAGAAATTTGTACACCGAAATCGTGTtgaaaagcgaagccgatttaggcggcagat,ATCTGCCGCCTAAATCGGCTTCGCTTTTCAACACGATTTCGGTGTACAAATTTCTCAGCA,++_8076_3193,,++_8076_3193,1
Insertion_forward,8224,2747,++,8224_2747,++_8224_2747,2747,8224,2747_8224,0,ACTCAAGAAAAGCGGAATTCCAAGTGAGTTcatcctggcattttacaatagtggatctct,AGAGATCCACTATTGTAAAATGCCAGGATGAACTCACTTGGAATTCCGCTTTTCTTGAGT,++_8223_2746,,++_8223_2746,1
Insertion_forward,8779,3087,++,8779_3087,++_8779_3087,3087,8779,3087_8779,1,TCACCAGGCAGGTGAGACGCCTGATGCAGGctacaaatcttggacgaggcatggaacgag,CTCGTTCCATGCCTCGTCCAAGATTTGTAGCCTGCATCAGGCGTCTCACCTGCCTGGTGA,,--_3087_8779,--_3087_8779,1
Insertion_forward,8581,1436,++,8581_1436,++_8581_1436,1436,8581,1436_8581,1,CGAGATACGTAAGTTTTATGCGTGGATGATgaagcacaggttaacgcagctacgcgatgt,ACATCGCGTAGCTGCGTTAACCTGTGCTTCATCATCCACGCATAAAACTTACGTATCTCG,++_8581_1436,,++_8581_1436,1
Insertion_forward,8834,921,++,8834_921,++_8834_921,921,8834,921_8834,0,GAAAAGGAGAAGAAGGAGAGAGAGAAGGCAaggatccaagtagtacacttactcgggaag,CTTCCCGAGTAAGTGTACTACTTGGATCCTTGCCTTCTCTCTCTCCTTCTTCTCCTTTTC,,--_918_8831,--_918_8831,1
