BP,RI,read_counts_virema,sense,DVG_type,ID_DI,cID_DI,start,end,id,TP_exact,seq_around_junction,seq_around_junction_reverseCompl,inWholeSeq,inWholeSeq_asRevCompl,in_idSeq,TP_seq
2964,6926,3,++,Deletion_forward,2964_6926,++_2964_6926,2964,6926,2964_6926,0,CTAATGTTAATGGACCAGATGACGCAGCCAatgcggaagtccaatggtgagcacgaaaga,TCTTTCGTGCTCACCATTGGACTTCCGCATTGGCTGCGTCATCTGGTCCATTAACATTAG,++_2963_6925,,++_2963_6925,1
8650,9349,2,++,Deletion_forward,8650_9349,++_8650_9349,8650,9349,8650_9349,0,AGCTCCTTACATAGCGGAAACAGCGCTGAGaccgaccatacatgccacgatatggtcttc,GAAGACCATATCGTGGCATGTATGGTCGGTCTCAGCGCTGTTTCCGCTATGTAAGGAGCT,++_8649_9348,,++_8649_9348,1
6000,6040,2,++,Deletion_forward,6000_6040,++_6000_6040,6000,6040,6000_6040,1,TATACGGAGATGATGACACCATAGAGCACTgcaggacacgtggtatcgggcacaaaaaca,TGTTTTTGTGCCCGATACCACGTGTCCTGCAGTGCTCTATGGTGTCATCATCTCCGTATA,++_6000_6040,,++_6000_6040,1
7574,5084,2,++,Insertion_forward,7574_5084,++_7574_5084,5084,7574,5084_7574,1,GATGAGAATGACATATTCGAAGCTCTTAACgttctacacaagccaagtggtgagatatga,TCATATCTCACCACTTGGCTTGTGTAGAACGTTAAGAGCTTCGAATATGTCATTCTCATC,++_7574_5084,,++_7574_5084,1
8581,1436,2,++,Insertion_forward,8581_1436,++_8581_1436,1436,8581,1436_8581,1,CGAGATACGTAAGTTTTATGCGTGGATGATgaagcacaggttaacgcagctacgcgatgt,ACATCGCGTAGCTGCGTTAACCTGTGCTTCATCATCCACGCATAAAACTTACGTATCTCG,++_8581_1436,,++_8581_1436,1
4846,3613,2,++,Insertion_forward,4846_3613,++_4846_3613,3613,4846,3613_4846,0,AATGCTTAGCACAACAAAGGCAAGCATCAAgtgagcatatcgagcctgaagaaaaggcag,CTGCCTTTTCTTCAGGCTCGATATGCTCACTTGATGCTTGCCTTTGTTGTGCTAAGCATT,++_4845_3612,,++_4845_3612,1
3859,7242,2,++,Deletion_forward,3859_7242,++_3859_7242,3859,7242,3859_7242,1,TGACTTGAGCGAGAGGAATCTCTTCGTCGAgggaacctgaaagcggtagcacactgccct,AGGGCAGTGTGCTACCGCTTTCAGGTTCCCTCGACGAAGAGATTCCTCTCGCTCAAGTCA,,--_7242_3859,--_7242_3859,1
4560,4654,2,++,Deletion_forward,4560_4654,++_4560_4654,4560,4654,4560_4654,1,GCAACTGTGATGTGATTTCAAAAGGAGACAgaacgatgaaagttggaaacatcgagatca,TGATCTCGATGTTTCCAACTTTCATCGTTCTGTCTCCTTTTGAAATCACATCACAGTTGC,,--_4654_4560,--_4654_4560,1
3002,8256,2,++,Deletion_forward,3002_8256,++_3002_8256,3002,8256,3002_8256,0,TGTAACAGATTCATGGGCATGCTTTTGCACggagatgatttactgctaagcgtacaccca,TGGGTGTACGCTTAGCAGTAAATCATCTCCGTGCAAAAGCATGCCCATGAATCTGTTACA,,--_8254_3000,--_8254_3000,1
8834,921,2,++,Insertion_forward,8834_921,++_8834_921,921,8834,921_8834,0,GAAAAGGAGAAGAAGGAGAGAGAGAAGGCAaggatccaagtagtacacttactcgggaag,CTTCCCGAGTAAGTGTACTACTTGGATCCTTGCCTTCTCTCTCTCCTTCTTCTCCTTTTC,,--_918_8831,--_918_8831,1
8779,3087,2,++,Insertion_forward,8779_3087,++_8779_3087,3087,8779,3087_8779,1,TCACCAGGCAGGTGAGACGCCTGATGCAGGctacaaatcttggacgaggcatggaacgag,CTCGTTCCATGCCTCGTCCAAGATTTGTAGCCTGCATCAGGCGTCTCACCTGCCTGGTGA,,--_3087_8779,--_3087_8779,1
5016,8357,1,++,Deletion_forward,5016_8357,++_5016_8357,5016,8357,5016_8357,1,ATGGGCTTCCAGTGATCACCAACAACGTCTaaggaccagggaaaaaggagacctttggtt,AACCAAAGGTCTCCTTTTTCCCTGGTCCTTAGACGTTGTTGGTGATCACTGGAAGCCCAT,++_5016_8357,,++_5016_8357,1
2366,3648,1,++,Deletion_forward,2366_3648,++_2366_3648,2366,3648,2366_3648,0,GAACTTGGCAAGTGGCCCACTCTGTTAGATcatcaagcaaagagacaatccgagcaagaa,TTCTTGCTCGGATTGTCTCTTTGCTTGATGATCTAACAGAGTGGGCCACTTGCCAAGTTC,++_2365_3647,,++_2365_3647,1
4022,7019,1,++,Deletion_forward,4022_7019,++_4022_7019,4022,7019,4022_7019,1,TTTACCAGAGCAACTGCCACGGAAGTCGCGtttcccagacgattttgccgagaagtatct,AGATACTTCTCGGCAAAATCGTCTGGGAAACGCGACTTCCGTGGCAGTTGCTCTGGTAAA,++_4022_7019,,++_4022_7019,1
1784,6060,1,++,Deletion_forward,1784_6060,++_1784_6060,1784,6060,1784_6060,1,TTTCGCAACAAGATCTCCCAGAAAGCGCACcacaaaaacaggaagttcatcaatatgtat,ATACATATTGATGAACTTCCTGTTTTTGTGGTGCGCTTTCTGGGAGATCTTGTTGCGAAA,++_1784_6060,,++_1784_6060,1
745,6507,1,++,Deletion_forward,745_6507,++_745_6507,745,6507,745_6507,1,GGTTCACACAAAGTGGCCGCTTCACAAGACtacaacccaatatcaaacaacatttgtcat,ATGACAAATGTTGTTTGATATTGGGTTGTAGTCTTGTGAAGCGGCCACTTTGTGTGAACC,++_745_6507,,++_745_6507,1
8076,3193,1,++,Insertion_forward,8076_3193,++_8076_3193,3193,8076,3193_8076,1,TGCTGAGAAATTTGTACACCGAAATCGTGTtgaaaagcgaagccgatttaggcggcagat,ATCTGCCGCCTAAATCGGCTTCGCTTTTCAACACGATTTCGGTGTACAAATTTCTCAGCA,++_8076_3193,,++_8076_3193,1
3792,3598,1,++,Insertion_forward,3792_3598,++_3792_3598,3598,3792,3598_3792,1,AGCTTAAGGGACTAGTCGCCACTGTCGAACaggcaccacatctaagtgagcatatcgagc,GCTCGATATGCTCACTTAGATGTGGTGCCTGTTCGACAGTGGCGACTAGTCCCTTAAGCT,++_3792_3598,,++_3792_3598,1
4062,2928,1,++,Insertion_forward,4062_2928,++_4062_2928,2928,4062,2928_4062,0,CACACGAAAGTGACAGAGACATATTGCTAAgctaaggctaatgttaatggaccagatgac,GTCATCTGGTCCATTAACATTAGCCTTAGCTTAGCAATATGTCTCTGTCACTTTCGTGTG,++_4061_2927,,++_4061_2927,1
8224,2747,1,++,Insertion_forward,8224_2747,++_8224_2747,2747,8224,2747_8224,0,ACTCAAGAAAAGCGGAATTCCAAGTGAGTTcatcctggcattttacaatagtggatctct,AGAGATCCACTATTGTAAAATGCCAGGATGAACTCACTTGGAATTCCGCTTTTCTTGAGT,++_8223_2746,,++_8223_2746,1
706,6227,1,++,Deletion_forward,706_6227,++_706_6227,706,6227,706_6227,0,TGGAGGAGGACTCTCTGCGAGCGCGATCGAggatgagttggatccaaatgaaatacgtgt,ACACGTATTTCATTTGGATCCAACTCATCCTCGATCGCGCTCGCAGAGAGTCCTCCTCCA,,--_6225_704,--_6225_704,1
3516,5147,1,++,Deletion_forward,3516_5147,++_3516_5147,3516,5147,3516_5147,1,AGACAGAGCGCAGGAAAATAGAATGGGAACaaagagattcaaactcagagactctgagat,ATCTCAGAGTCTCTGAGTTTGAATCTCTTTGTTCCCATTCTATTTTCCTGCGCTCTGTCT,,--_5147_3516,--_5147_3516,1
50,6093,1,++,Deletion_forward,50_6093,++_50_6093,50,6093,50_6093,0,AACATACACAAAACGATAAAAGCAAACGCAtttgatcctgaagatttctctgcagttcgt,ACGAACTGCAGAGAAATCTTCAGGATCAAATGCGTTTGCTTTTATCGTTTTGTGTATGTT,,--_6092_49,--_6092_49,1
1909,8273,1,++,Deletion_forward,1909_8273,++_1909_8273,1909,8273,1909_8273,1,CTACTTTGAGATAATCGATCCAAAGAAAGGaagcgtacacccagagtatgagtatatcct,AGGATATACTCATACTCTGGGTGTACGCTTCCTTTCTTTGGATCGATTATCTCAAAGTAG,,--_8273_1909,--_8273_1909,1
1051,2302,1,++,Deletion_forward,1051_2302,++_1051_2302,1051,2302,1051_2302,1,TAACAAAACAACCATAAATCCAGGAGTGGTagttcacgaaagttgttagggataaactag,CTAGTTTATCCCTAACAACTTTCGTGAACTACCACTCCTGGATTTATGGTTGTTTTGTTA,,--_2302_1051,--_2302_1051,1
5893,9642,1,++,Deletion_forward,5893_9642,++_5893_9642,5893,9642,5893_9642,1,CCTGCGGTCAAAGATCTCTGAACCCGTAACtataagtatttaagtttactcgttagtatt,AATACTAACGAGTAAACTTAAATACTTATAGTTACGGGTTCAGAGATCTTTGACCGCAGG,,--_9642_5893,--_9642_5893,1
490,176,1,++,Insertion_forward,490_176,++_490_176,176,490,176_490,1,CAAGGAGAGAGCACTCTTTTTGGACTGGGAcaagccagcatccaccggaatggtacagtt,AACTGTACCATTCCGGTGGATGCTGGCTTGTCCCAGTCCAAAAAGAGTGCTCTCTCCTTG,,--_176_490,--_176_490,1
6924,2962,4,--,Deletion_reverse,6924_2962,--_6924_2962,2962,6924,2962_6924,0,TTTCGTGCTCACCATTGGACTTCCGCATTGgctgcgtcatctggtccattaacattagcc,GGCTAATGTTAATGGACCAGATGACGCAGCCAATGCGGAAGTCCAATGGTGAGCACGAAA,,++_2963_6925,++_2963_6925,1
4600,5215,2,--,Insertion_reverse,4600_5215,--_4600_5215,4600,5215,4600_5215,1,AGTCTCTTTCAATTAAAAGTTTTGAAAGCGttcactcctcggtgaggtatggctaatttg,CAAATTAGCCATACCTCACCGAGGAGTGAACGCTTTCAAAACTTTTAATTGAAAGAGACT,,++_5215_4600,++_5215_4600,1
6225,704,2,--,Deletion_reverse,6225_704,--_6225_704,704,6225,704_6225,1,ACGTATTTCATTTGGATCCAACTCATCCTCgatcgcgctcgcagagagtcctcctccaat,ATTGGAGGAGGACTCTCTGCGAGCGCGATCGAGGATGAGTTGGATCCAAATGAAATACGT,--_6225_704,,--_6225_704,1
9640,5891,2,--,Deletion_reverse,9640_5891,--_9640_5891,5891,9640,5891_9640,0,TACTAACGAGTAAACTTAAATACTTATAGTtacgggttcagagatctttgaccgcaggtg,CACCTGCGGTCAAAGATCTCTGAACCCGTAACTATAAGTATTTAAGTTTACTCGTTAGTA,--_9642_5893,,--_9642_5893,1
8254,3000,2,--,Deletion_reverse,8254_3000,--_8254_3000,3000,8254,3000_8254,1,GGTGTACGCTTAGCAGTAAATCATCTCCGTgcaaaagcatgcccatgaatctgttacacg,CGTGTAACAGATTCATGGGCATGCTTTTGCACGGAGATGATTTACTGCTAAGCGTACACC,--_8254_3000,,--_8254_3000,1
7501,8757,2,--,Insertion_reverse,7501_8757,--_7501_8757,7501,8757,7501_8757,1,ATGTTTCGAAACCATAACCTCGCAGATCTGcctggtgataaacacaagtctcagcaccat,ATGGTGCTGAGACTTGTGTTTATCACCAGGCAGATCTGCGAGGTTATGGTTTCGAAACAT,--_7501_8757,,--_7501_8757,1
1071,1973,2,--,Insertion_reverse,1071_1973,--_1071_1973,1071,1973,1071_1973,0,CTGGGTTAGAATTCCATCTCTAACGACTATtagtttgccgattgcaagtttccgtgaccc,GGGTCACGGAAACTTGCAATCGGCAAACTAATAGTCGTTAGAGATGGAATTCTAACCCAG,--_1072_1974,,--_1072_1974,1
3885,7826,2,--,Insertion_reverse,3885_7826,--_3885_7826,3885,7826,3885_7826,1,TGTCTTTTCAGCTGGAAGTTGTTGGAGCACgaaatcatccacgcagacctttccacccag,CTGGGTGGAAAGGTCTGCGTGGATGATTTCGTGCTCCAACAACTTCCAGCTGAAAAGACA,--_3885_7826,,--_3885_7826,1
8357,5016,1,--,Deletion_reverse,8357_5016,--_8357_5016,5016,8357,5016_8357,1,AACCAAAGGTCTCCTTTTTCCCTGGTCCTTagacgttgttggtgatcactggaagcccat,ATGGGCTTCCAGTGATCACCAACAACGTCTAAGGACCAGGGAAAAAGGAGACCTTTGGTT,,++_5016_8357,++_5016_8357,1
4795,4531,1,--,Deletion_reverse,4795_4531,--_4795_4531,4531,4795,4531_4795,0,TAAGCATTCTACTGTCTGTGTCAAGGTATGcttccactaccctgtgcgttcacaaaatcc,GGATTTTGTGAACGCACAGGGTAGTGGAAGCATACCTTGACACAGACAGTAGAATGCTTA,,++_4533_4797,++_4533_4797,1
6104,4165,1,--,Deletion_reverse,6104_4165,--_6104_4165,4165,6104,4165_6104,0,GGATCCACGAAACGAACTGCAGAGAAATCTacgttttctgcaagtggccgagttggctca,TGAGCCAACTCGGCCACTTGCAGAAAACGTAGATTTCTCTGCAGTTCGTTTCGTGGATCC,,++_4166_6105,++_4166_6105,1
6040,6000,1,--,Deletion_reverse,6040_6000,--_6040_6000,6000,6040,6000_6040,1,TGTTTTTGTGCCCGATACCACGTGTCCTGCagtgctctatggtgtcatcatctccgtata,TATACGGAGATGATGACACCATAGAGCACTGCAGGACACGTGGTATCGGGCACAAAAACA,,++_6000_6040,++_6000_6040,1
6504,742,1,--,Deletion_reverse,6504_742,--_6504_742,742,6504,742_6504,0,ACAAATGTTGTTTGATATTGGGTTGTAGTCttgtgaagcggccactttgtgtgaacctct,AGAGGTTCACACAAAGTGGCCGCTTCACAAGACTACAACCCAATATCAAACAACATTTGT,,++_745_6507,++_745_6507,1
1502,4275,1,--,Insertion_reverse,1502_4275,--_1502_4275,1502,4275,1502_4275,1,AGTGCTTGCTCATACCTATCTAGTATCTGCgtgcaaaaccactggtcattactgagattg,CAATCTCAGTAATGACCAGTGGTTTTGCACGCAGATACTAGATAGGTATGAGCAAGCACT,,++_4275_1502,++_4275_1502,1
5083,7573,1,--,Insertion_reverse,5083_7573,--_5083_7573,5083,7573,5083_7573,0,CATATCTCACCACTTGGCTTGTGTAGAACGttaagagcttcgaatatgtcattctcatca,TGATGAGAATGACATATTCGAAGCTCTTAACGTTCTACACAAGCCAAGTGGTGAGATATG,,++_7574_5084,++_7574_5084,1
1004,7321,1,--,Insertion_reverse,1004_7321,--_1004_7321,1004,7321,1004_7321,1,GTTGTTTTGTTACCCGAGTACCTGCTGAGAtcaaacatctgacattttcctttaactgtg,CACAGTTAAAGGAAAATGTCAGATGTTTGATCTCAGCAGGTACTCGGGTAACAAAACAAC,,++_7321_1004,++_7321_1004,1
3611,4844,1,--,Insertion_reverse,3611_4844,--_3611_4844,3611,4844,3611_4844,0,GCCTTTTCTTCAGGCTCGATATGCTCACTTgatgcttgcctttgttgtgctaagcattct,AGAATGCTTAGCACAACAAAGGCAAGCATCAAGTGAGCATATCGAGCCTGAAGAAAAGGC,,++_4845_3612,++_4845_3612,1
3598,3792,1,--,Insertion_reverse,3598_3792,--_3598_3792,3598,3792,3598_3792,1,GCTCGATATGCTCACTTAGATGTGGTGCCTgttcgacagtggcgactagtcccttaagct,AGCTTAAGGGACTAGTCGCCACTGTCGAACAGGCACCACATCTAAGTGAGCATATCGAGC,,++_3792_3598,++_3792_3598,1
7470,8365,1,--,Insertion_reverse,7470_8365,--_7470_8365,7470,8365,7470_8365,1,TACGACTATTTCAACTGTCTTTTCAAACAGctggtccttgagtcgaaagtatacttcagg,CCTGAAGTATACTTTCGACTCAAGGACCAGCTGTTTGAAAAGACAGTTGAAATAGTCGTA,,++_8365_7470,++_8365_7470,1
8665,4479,1,--,Deletion_reverse,8665_4479,--_8665_4479,4479,8665,4479_8665,1,GGGTGAGATCCTCTTGAGCTGGTTCCTTATtgcttattgacacggggtattgagtggaga,TCTCCACTCAATACCCCGTGTCAATAAGCAATAAGGAACCAGCTCAAGAGGATCTCACCC,--_8665_4479,,--_8665_4479,1
7242,3859,1,--,Deletion_reverse,7242_3859,--_7242_3859,3859,7242,3859_7242,1,AGGGCAGTGTGCTACCGCTTTCAGGTTCCCtcgacgaagagattcctctcgctcaagtca,TGACTTGAGCGAGAGGAATCTCTTCGTCGAGGGAACCTGAAAGCGGTAGCACACTGCCCT,--_7242_3859,,--_7242_3859,1
5147,3516,1,--,Deletion_reverse,5147_3516,--_5147_3516,3516,5147,3516_5147,1,ATCTCAGAGTCTCTGAGTTTGAATCTCTTTgttcccattctattttcctgcgctctgtct,AGACAGAGCGCAGGAAAATAGAATGGGAACAAAGAGATTCAAACTCAGAGACTCTGAGAT,--_5147_3516,,--_5147_3516,1
4653,4559,1,--,Deletion_reverse,4653_4559,--_4653_4559,4559,4653,4559_4653,0,GATCTCGATGTTTCCAACTTTCATCGTTCTgtctccttttgaaatcacatcacagttgct,AGCAACTGTGATGTGATTTCAAAAGGAGACAGAACGATGAAAGTTGGAAACATCGAGATC,--_4654_4560,,--_4654_4560,1
8595,5065,1,--,Deletion_reverse,8595_5065,--_8595_5065,5065,8595,5065_8595,1,AGCTTTCCCTTCTTGTGCTAAGGAGCTAAAgacattgttcgtgcctgcttcaccgttaca,TGTAACGGTGAAGCAGGCACGAACAATGTCTTTAGCTCCTTAGCACAAGAAGGGAAAGCT,--_8595_5065,,--_8595_5065,1
918,8831,1,--,Insertion_reverse,918_8831,--_918_8831,918,8831,918_8831,1,CCCGAGTAAGTGTACTACTTGGATCCTTGCcttctctctctccttcttctccttttccgc,GCGGAAAAGGAGAAGAAGGAGAGAGAGAAGGCAAGGATCCAAGTAGTACACTTACTCGGG,--_918_8831,,--_918_8831,1
1803,5741,1,--,Insertion_reverse,1803_5741,--_1803_5741,1803,5741,1803_5741,1,ATTTCCATTTCTATCGAGCTGGTTGTCGCAttgatggtgaactgcctcaagcgctccata,TATGGAGCGCTTGAGGCAGTTCACCATCAATGCGACAACCAGCTCGATAGAAATGGAAAT,--_1803_5741,,--_1803_5741,1
5149,8484,1,--,Insertion_reverse,5149_8484,--_5149_8484,5149,8484,5149_8484,1,CAATCTCAGAGTCTCTGAGTTTGAATCTCTgctctttcgaccgatcccattctaaaatcg,CGATTTTAGAATGGGATCGGTCGAAAGAGCAGAGATTCAAACTCAGAGACTCTGAGATTG,--_5149_8484,,--_5149_8484,1
552,5442,1,--,Insertion_reverse,552_5442,--_552_5442,552,5442,552_5442,1,ACTCCTGGGCACTATCTTACTGACGCCACGttcgctgtatggagttgacgtccgtctgta,TACAGACGGACGTCAACTCCATACAGCGAACGTGGCGTCAGTAAGATAGTGCCCAGGAGT,--_552_5442,,--_552_5442,1
2983,7883,1,--,Insertion_reverse,2983_7883,--_2983_7883,2983,7883,2983_7883,1,GTTCTGCCATGTGCAAAAGCATGCCCATGActttgtcatgccaacactccaaggagctct,AGAGCTCCTTGGAGTGTTGGCATGACAAAGTCATGGGCATGCTTTTGCACATGGCAGAAC,--_2983_7883,,--_2983_7883,1
176,490,1,--,Insertion_reverse,176_490,--_176_490,176,490,176_490,1,AACTGTACCATTCCGGTGGATGCTGGCTTGtcccagtccaaaaagagtgctctctccttg,CAAGGAGAGAGCACTCTTTTTGGACTGGGACAAGCCAGCATCCACCGGAATGGTACAGTT,--_176_490,,--_176_490,1
970,3497,3,+-,5cb/sb,970_3497,+-_970_3497,970,3497,970_3497,1,ACTCGGGAAGAGAGCGCAGCGCGACTTATCgcgctctgtctcctcaatatccagtttgag,CTCAAACTGGATATTGAGGAGACAGAGCGCGATAAGTCGCGCTGCGCTCTCTTCCCGAGT,,+-_3497_970,+-_3497_970,1
1460,2998,3,+-,5cb/sb,1460_2998,+-_1460_2998,1460,2998,1460_2998,1,TCCATGAAGCACAGGTTAACGCAGCTACGCaaaagcatgcccatgaatctgttacacgcg,CGCGTGTAACAGATTCATGGGCATGCTTTTGCGTAGCTGCGTTAACCTGTGCTTCATGGA,+-_1460_2998,,+-_1460_2998,1
762,8125,2,+-,5cb/sb,762_8125,+-_762_8125,762,8125,762_8125,1,CGCTTCACAAGACACCGTCAATGAAGAAGAcctttgaacttcttgacgagtgtaccatct,AGATGGTACACTCGTCAAGAAGTTCAAAGGTCTTCTTCATTGACGGTGTCTTGTGAAGCG,+-_762_8125,,+-_762_8125,1
9177,9776,2,+-,5cb/sb,9177_9776,+-_9177_9776,9177,9776,9177_9776,1,TTATTCTCAATGGTTTAATGGTCTGGTGCActaacaccaataaaatgttcggcgaaaata,TATTTTCGCCGAACATTTTATTGGTGTTAGTGCACCAGACCATTAAACCATTGAGAATAA,,+-_9776_9177,+-_9776_9177,1
3537,2677,2,+-,5cb/sb,3537_2677,+-_3537_2677,2677,3537,2677_3537,1,AATGGGAACTTGCATTCCACCATGCCATTCggtctatagactccttttatgagcctcttg,CAAGAGGCTCATAAAAGGAGTCTATAGACCGAATGGCATGGTGGAATGCAAGTTCCCATT,,+-_2677_3537,+-_2677_3537,1
3497,970,2,+-,5cb/sb,3497_970,+-_3497_970,970,3497,970_3497,1,CTCAAACTGGATATTGAGGAGACAGAGCGCgataagtcgcgctgcgctctcttcccgagt,ACTCGGGAAGAGAGCGCAGCGCGACTTATCGCGCTCTGTCTCCTCAATATCCAGTTTGAG,+-_3497_970,,+-_3497_970,1
1040,8978,2,+-,5cb/sb,1040_8978,+-_1040_8978,1040,8978,1040_8978,0,AGGTACTCGGGTAACAAAACAACCATAAATtttgcttgttaggctcttaagtctgggtac,GTACCCAGACTTAAGAGCCTAACAAGCAAAATTTATGGTTGTTTTGTTACCCGAGTACCT,+-_1039_8979,,+-_1039_8979,1
7968,6287,1,+-,5cb/sb,7968_6287,+-_7968_6287,6287,7968,6287_7968,1,GTGATGCTGATGGCTCACAGTTTGACAGCTgttcatgtagtaggcctgaattgtcttatt,AATAAGACAATTCAGGCCTACTACATGAACAGCTGTCAAACTGTGAGCCATCAGCATCAC,+-_7968_6287,,+-_7968_6287,1
6288,7967,1,+-,5cb/sb,6288_7967,+-_6288_7967,6288,7967,6288_7967,0,ATAAGACAATTCAGGCCTACTACATGAACAgctgtcaaactgtgagccatcagcatcaca,TGTGATGCTGATGGCTCACAGTTTGACAGCTGTTCATGTAGTAGGCCTGAATTGTCTTAT,,+-_7968_6287,+-_7968_6287,1
1707,7655,1,+-,5cb/sb,1707_7655,+-_1707_7655,1707,7655,1707_7655,0,CCACGAAACATTTGCTTGAGATAGCACGATttcttctttcatctcaggtgtgaactcagc,GCTGAGTTCACACCTGAGATGAAAGAAGAAATCGTGCTATCTCAAGCAAATGTTTCGTGG,+-_1706_7656,,+-_1706_7656,1
2677,3537,1,+-,5cb/sb,2677_3537,+-_2677_3537,2677,3537,2677_3537,1,CAAGAGGCTCATAAAAGGAGTCTATAGACCgaatggcatggtggaatgcaagttcccatt,AATGGGAACTTGCATTCCACCATGCCATTCGGTCTATAGACTCCTTTTATGAGCCTCTTG,+-_2677_3537,,+-_2677_3537,1
7710,5359,1,+-,5cb/sb,7710_5359,+-_7710_5359,5359,7710,5359_7710,1,TCTTCTTAGGAAAGATGGGAGTGTGGAACGtcacctttgaatttgacaatcacatcccac,GTGGGATGTGATTGTCAAATTCAAAGGTGACGTTCCACACTCCCATCTTTCCTAAGAAGA,,+-_5359_7710,+-_5359_7710,1
163,4932,1,+-,5cb/sb,163_4932,+-_163_4932,163,4932,163_4932,1,AGTAGTTACATTCGCATCGGCTATCACCAAaccctttctctgtgtgacctattcgcaggg,CCCTGCGAATAGGTCACACAGAGAAAGGGTTTGGTGATAGCCGATGCGAATGTAACTACT,+-_163_4932,,+-_163_4932,1
8980,1038,1,+-,5cb/sb,8980_1038,+-_8980_1038,1038,8980,1038_8980,0,ACCCAGACTTAAGAGCCTAACAAGCAAAATttatggttgttttgttacccgagtacctgc,GCAGGTACTCGGGTAACAAAACAACCATAAATTTTGCTTGTTAGGCTCTTAAGTCTGGGT,,+-_1039_8979,+-_1039_8979,1
102,4015,1,+-,5cb/sb,102_4015,+-_102_4015,102,4015,102_4015,1,ATCAAAGATTCTCAAATCTTTCATCGTTATtccgtggcagttgctctggtaaaagtcatg,CATGACTTTTACCAGAGCAACTGCCACGGAATAACGATGAAAGATTTGAGAATCTTTGAT,,+-_4015_102,+-_4015_102,1
3000,1458,1,+-,5cb/sb,3000_1458,+-_3000_1458,1458,3000,1458_3000,0,CGTGTAACAGATTCATGGGCATGCTTTTGCgtagctgcgttaacctgtgcttcatggatg,CATCCATGAAGCACAGGTTAACGCAGCTACGCAAAAGCATGCCCATGAATCTGTTACACG,,+-_1460_2998,+-_1460_2998,1
3200,9054,3,-+,3cb/sb,3200_9054,-+_3200_9054,3200,9054,3200_9054,1,ACGCTGTATCTGCCGCCTAAATCGGCTTCGgatctatccaacacacggtcaacgcgaaag,CTTTCGCGTTGACCGTGTGTTGGATAGATCCGAAGCCGATTTAGGCGGCAGATACAGCGT,,-+_9054_3200,-+_9054_3200,1
6940,9114,2,-+,3cb/sb,6940_9114,-+_6940_9114,6940,9114,6940_9114,1,CAAGTATTTTTCCGTCTTTCGTGCTCACCAgccgattacgaactgacggaggacaaaatg,CATTTTGTCCTCCGTCAGTTCGTAATCGGCTGGTGAGCACGAAAGACGGAAAAATACTTG,,-+_9114_6940,-+_9114_6940,1
4964,8435,2,-+,3cb/sb,4964_8435,-+_4964_8435,4964,8435,4964_8435,0,AGCCCATAAGTGAAGCACTTCAAAGCTGCTcgagccagagcgaatagtatcgattttaga,TCTAAAATCGATACTATTCGCTCTGGCTCGAGCAGCTTTGAAGTGCTTCACTTATGGGCT,-+_4967_8432,,-+_4967_8432,1
2354,4290,1,-+,3cb/sb,2354_4290,-+_2354_4290,2354,4290,2354_4290,1,TAACAAGCGGTTGCTACATCTAACAGAGTGaacaatagaatgcgcattgaagaatttgac,GTCAAATTCTTCAATGCGCATTCTATTGTTCACTCTGTTAGATGTAGCAACCGCTTGTTA,-+_2354_4290,,-+_2354_4290,1
2387,1501,1,-+,3cb/sb,2387_1501,-+_2387_1501,1501,2387,1501_2387,1,TTAGCAACGTCTGGGTAAAATACCTTCAGGtgcagatactagataggtatgagcaagcac,GTGCTTGCTCATACCTATCTAGTATCTGCACCTGAAGGTATTTTACCCAGACGTTGCTAA,-+_2387_1501,,-+_2387_1501,1
9114,6940,1,-+,3cb/sb,9114_6940,-+_9114_6940,6940,9114,6940_9114,1,CATTTTGTCCTCCGTCAGTTCGTAATCGGCtggtgagcacgaaagacggaaaaatacttg,CAAGTATTTTTCCGTCTTTCGTGCTCACCAGCCGATTACGAACTGACGGAGGACAAAATG,-+_9114_6940,,-+_9114_6940,1
8434,7304,1,-+,3cb/sb,8434_7304,-+_8434_7304,7304,8434,7304_8434,1,CTAAAATCGATACTATTCGCTCTGGCTCGAaaaatgtcagatgtttgacttgtatctcaa,TTGAGATACAAGTCAAACATCTGACATTTTTCGAGCCAGAGCGAATAGTATCGATTTTAG,-+_8434_7304,,-+_8434_7304,1
3409,4133,1,-+,3cb/sb,3409_4133,-+_3409_4133,3409,4133,3409_4133,1,CCTCGGCGGTCATCTTGATTAGTAAGCTGAccttgagccaactcggccacttgcagaaaa,TTTTCTGCAAGTGGCCGAGTTGGCTCAAGGTCAGCTTACTAATCAAGATGACCGCCGAGG,-+_3409_4133,,-+_3409_4133,1
4133,3409,1,-+,3cb/sb,4133_3409,-+_4133_3409,3409,4133,3409_4133,1,TTTTCTGCAAGTGGCCGAGTTGGCTCAAGGtcagcttactaatcaagatgaccgccgagg,CCTCGGCGGTCATCTTGATTAGTAAGCTGACCTTGAGCCAACTCGGCCACTTGCAGAAAA,,-+_3409_4133,-+_3409_4133,1
6240,3324,1,-+,3cb/sb,6240_3324,-+_6240_3324,3324,6240,3324_6240,1,AATTGTCTTATTCACACGTATTTCATTTGGggtagcaaggtgtcgaatagcgtgtgtagg,CCTACACACGCTATTCGACACCTTGCTACCCCAAATGAAATACGTGTGAATAAGACAATT,,-+_3324_6240,-+_3324_6240,1
3324,6240,1,-+,3cb/sb,3324_6240,-+_3324_6240,3324,6240,3324_6240,1,CCTACACACGCTATTCGACACCTTGCTACCccaaatgaaatacgtgtgaataagacaatt,AATTGTCTTATTCACACGTATTTCATTTGGGGTAGCAAGGTGTCGAATAGCGTGTGTAGG,-+_3324_6240,,-+_3324_6240,1
6125,9615,1,-+,3cb/sb,6125_9615,-+_6125_9615,6125,9615,6125_9615,0,TCCAACGTCGCTCCTGTGAGTGGATCCACGgggttatgaagttgtatgttggtagactat,ATAGTCTACCAACATACAACTTCATAACCCCGTGGATCCACTCACAGGAGCGACGTTGGA,-+_6126_9614,,-+_6126_9614,1
8306,7679,1,-+,3cb/sb,8306_7679,-+_8306_7679,7679,8306,7679_8306,1,CCCAATTCACGAAAGTTGTCTGCCATAGTGactcttcttaggaaagatgggagtgtggaa,TTCCACACTCCCATCTTTCCTAAGAAGAGTCACTATGGCAGACAACTTTCGTGAATTGGG,-+_8306_7679,,-+_8306_7679,1
4255,7271,1,-+,3cb/sb,4255_7271,-+_4255_7271,4255,7271,4255_7271,1,AGTAATTGAGTGCAAAACCACTGGTCATTAtagccagcttgtgacaaagcacacagttaa,TTAACTGTGTGCTTTGTCACAAGCTGGCTATAATGACCAGTGGTTTTGCACTCAATTACT,-+_4255_7271,,-+_4255_7271,1
7271,4255,1,-+,3cb/sb,7271_4255,-+_7271_4255,4255,7271,4255_7271,1,TTAACTGTGTGCTTTGTCACAAGCTGGCTAtaatgaccagtggttttgcactcaattact,AGTAATTGAGTGCAAAACCACTGGTCATTATAGCCAGCTTGTGACAAAGCACACAGTTAA,,-+_4255_7271,-+_4255_7271,1
